item_id,name,category,icon,volume_cft,weight_kg,length_ft,width_ft,height_ft,is_bulky,is_fragile,is_preset,hint,sort_order,is_active
food_tiffin,Tiffin / lunch box,food,🍱,0.4,1.5,1.0,0.8,0.8,false,true,false,Home food,1,true
food_meal,Packed meal,food,🍛,0.3,1.0,1.0,0.8,0.5,false,true,false,Restaurant order,2,true
food_cake,Cake,food,🎂,1.2,2.0,1.0,1.0,1.0,false,true,false,"Boxed, keep flat",3,true
food_sweets,Sweets / mithai box,food,🍬,0.6,2.0,1.0,1.0,0.5,false,true,false,,4,true
food_groceries,Grocery bag,food,🛍️,1.5,8.0,1.2,1.0,1.2,false,false,false,,5,true
food_vegetables,Vegetables / fruit crate,food,🥬,3.0,15.0,2.0,1.3,1.0,false,false,false,,6,true
food_water_can,Water can,food,💧,1.5,20.0,1.0,1.0,1.5,false,false,false,20 litre,7,true
food_milk_crate,Milk / dairy crate,food,🥛,2.0,18.0,1.7,1.2,1.0,false,true,false,,8,true
food_catering,Catering vessel,food,🍲,6.0,25.0,2.0,2.0,1.5,false,true,false,Large degh,9,true
small_documents,Documents / envelope,small_items,📄,0.2,0.5,1.2,0.9,0.2,false,false,false,,10,true
small_keys,Keys / small packet,small_items,🔑,0.1,0.3,0.5,0.4,0.3,false,false,false,,11,true
small_medicines,Medicines,small_items,💊,0.4,1.0,1.0,0.8,0.5,false,true,false,,12,true
small_laptop,Laptop / tablet,small_items,💻,0.8,3.0,1.3,1.0,0.4,false,true,false,,13,true
small_mobile,Mobile / gadget,small_items,📱,0.2,0.5,0.7,0.5,0.3,false,true,false,,14,true
small_gift,Gift / flowers,small_items,🎁,1.5,3.0,1.3,1.0,1.3,false,true,false,,15,true
small_clothes,Clothes packet,small_items,👕,1.5,4.0,1.5,1.0,0.8,false,false,false,,16,true
small_book_parcel,Books parcel,small_items,📚,1.5,10.0,1.3,1.0,1.0,false,false,false,,17,true
small_spare_part,Spare part / tool,small_items,🔧,1.5,8.0,1.5,1.0,0.8,false,false,false,,18,true
small_carton,Single carton,small_items,📦,3.0,10.0,1.7,1.3,1.3,false,false,false,Standard courier box,19,true
sofa_3,Sofa,furniture,🛋️,35.0,45.0,6.5,3.0,3.0,true,false,false,3 seater,20,true
sofa_2,Sofa,furniture,🛋️,24.0,32.0,4.5,3.0,3.0,true,false,false,2 seater,21,true
sofa_l,L-shape sofa,furniture,🛋️,55.0,70.0,8.0,6.0,3.0,true,false,false,Corner set,22,true
bed_double,Double bed,furniture,🛏️,30.0,60.0,6.5,5.0,2.5,true,false,false,With headboard,23,true
bed_single,Single bed,furniture,🛏️,18.0,35.0,6.5,3.0,2.0,true,false,false,,24,true
mattress,Mattress,furniture,🛌,14.0,25.0,6.5,5.0,0.7,true,false,false,Queen / king,25,true
wardrobe,Wardrobe,furniture,🚪,38.0,70.0,4.0,2.0,6.5,true,false,false,2 door,26,true
almirah,Steel almirah,furniture,🗄️,26.0,80.0,3.0,1.7,6.0,true,false,false,,27,true
dining_table,Dining table,furniture,🍽️,22.0,40.0,5.0,3.0,2.5,true,false,false,Top only,28,true
chair,Chair,furniture,🪑,6.0,7.0,1.5,1.5,3.0,false,false,false,,29,true
study_table,Study table,furniture,🖊️,14.0,25.0,4.0,2.0,2.5,false,false,false,,30,true
bookshelf,Bookshelf,furniture,📚,16.0,35.0,3.0,1.2,5.0,false,false,false,,31,true
shoe_rack,Shoe rack,furniture,👟,9.0,14.0,2.5,1.2,3.0,false,false,false,,32,true
center_table,Center table,furniture,🛎️,8.0,15.0,3.0,2.0,1.5,false,false,false,,33,true
tv_unit,TV unit,furniture,📺,10.0,30.0,4.0,1.5,2.0,false,false,false,,34,true
mirror,Mirror / dressing table,furniture,🪞,12.0,22.0,3.0,1.5,5.0,true,true,false,,35,true
fridge_double,Refrigerator,appliances,🧊,28.0,90.0,2.5,2.5,6.0,true,false,false,Double door,36,true
fridge_single,Refrigerator,appliances,🧊,16.0,55.0,2.0,2.0,5.0,true,false,false,Single door,37,true
washing_machine,Washing machine,appliances,🌀,15.0,65.0,2.2,2.2,3.5,true,false,false,,38,true
ac_split,AC unit,appliances,❄️,12.0,45.0,3.5,2.5,2.0,true,false,false,"Split, both units",39,true
tv,Television,appliances,📺,8.0,18.0,4.5,0.8,3.0,true,true,false,Boxed,40,true
microwave,Microwave / oven,appliances,🍲,3.5,15.0,2.0,1.5,1.3,false,false,false,,41,true
gas_stove,Gas stove + cylinder,appliances,🔥,6.0,25.0,2.0,1.5,2.0,false,false,false,,42,true
water_purifier,Water purifier,appliances,💧,2.5,12.0,1.3,1.0,1.7,false,true,false,,43,true
cooler,Air cooler,appliances,🌬️,14.0,20.0,2.0,2.0,3.5,true,false,false,,44,true
geyser,Geyser,appliances,♨️,4.0,14.0,1.5,1.5,2.0,false,false,false,,45,true
box_small,Box,boxes,📦,2.0,8.0,1.3,1.3,1.3,false,false,false,Small,46,true
box_medium,Box,boxes,📦,4.0,15.0,1.7,1.7,1.7,false,false,false,Medium,47,true
box_large,Box,boxes,📦,7.0,22.0,2.0,2.0,2.0,false,false,false,Large,48,true
suitcase,Suitcase,boxes,🧳,3.2,18.0,2.3,1.5,1.0,false,false,false,,49,true
bag,Bag / sack,boxes,🎒,3.0,12.0,1.7,1.2,1.5,false,false,false,,50,true
trunk,Trunk,boxes,🧰,6.0,25.0,3.0,1.7,1.5,false,false,false,,51,true
plants,Plant / pot,boxes,🪴,3.0,10.0,1.3,1.3,2.5,false,true,false,,52,true
cycle,Bicycle,boxes,🚲,10.0,15.0,6.0,1.5,3.5,true,false,false,,53,true
home_1rk,1 RK,full_house,🏠,110.0,320.0,,,,true,false,true,Studio / single room,54,true
home_1bhk,1 BHK,full_house,🏠,175.0,520.0,,,,true,false,true,Typical 1 bedroom,55,true
home_2bhk,2 BHK,full_house,🏡,300.0,900.0,,,,true,false,true,Typical 2 bedroom,56,true
home_3bhk,3 BHK,full_house,🏘️,450.0,1350.0,,,,true,false,true,Typical 3 bedroom,57,true
home_4bhk,4 BHK / villa,full_house,🏰,620.0,1900.0,,,,true,false,true,Large home,58,true
office_desk,Office desk,business,🖥️,20.0,35.0,5.0,2.5,2.5,true,false,false,,59,true
office_chair,Office chair,business,💺,8.0,12.0,2.0,2.0,3.5,false,false,false,,60,true
filing_cabinet,Filing cabinet,business,🗃️,11.0,45.0,1.5,2.0,4.0,true,false,false,,61,true
computer,Computer / monitor,business,🖱️,3.0,12.0,2.0,1.0,1.7,false,true,false,,62,true
printer,Printer,business,🖨️,5.0,20.0,2.0,1.7,1.5,false,true,false,,63,true
server_rack,Server rack,business,🗄️,24.0,110.0,2.5,3.0,6.0,true,true,false,,64,true
display_rack,Display rack,business,🏪,22.0,40.0,4.0,1.5,6.0,true,false,false,,65,true
counter,Counter table,business,🧾,25.0,55.0,6.0,2.0,3.5,true,false,false,,66,true
stock_carton,Stock carton,business,📦,4.0,18.0,1.7,1.7,1.7,false,false,false,,67,true
sack,Sack / gunny bag,business,🧺,3.0,30.0,2.5,1.5,1.0,false,false,false,,68,true
drum,Drum / barrel,business,🛢️,9.0,60.0,2.0,2.0,3.0,true,false,false,,69,true
pallet,Pallet,business,🪵,30.0,250.0,4.0,4.0,4.0,true,false,false,,70,true
